{
    "koi_period": 0.17969729688758596,
    "koi_duration": 0.11306501603099309,
    "koi_depth": 0.08647755304221912,
    "koi_model_snr": 0.06254019917263567,
    "koi_impact": 0.131564662407683,
    "koi_prad": 0.1464143561348715,
    "koi_steff": 0.07434018587866939,
    "koi_slogg": 0.06743867829952449,
    "koi_srad": 0.06871737370792028,
    "log_snr": 0.06319276238708382,
    "snr_high_quality": 0.006551916050813722,
    "koi_period_skew": 0.0,
    "koi_period_kurt": 0.0,
    "koi_period_cv": 0.0,
    "koi_duration_skew": 0.0,
    "koi_duration_kurt": 0.0,
    "koi_duration_cv": 0.0,
    "koi_depth_skew": 0.0,
    "koi_depth_kurt": 0.0,
    "koi_depth_cv": 0.0,
    "koi_model_snr_skew": 0.0,
    "koi_model_snr_kurt": 0.0,
    "koi_model_snr_cv": 0.0,
    "koi_impact_skew": 0.0,
    "koi_impact_kurt": 0.0,
    "koi_impact_cv": 0.0,
    "log_snr_skew": 0.0,
    "log_snr_kurt": 0.0,
    "log_snr_cv": 0.0,
    "snr_high_quality_skew": 0.0,
    "snr_high_quality_kurt": 0.0,
    "snr_high_quality_cv": 0.0
}